JobTitle,Company,Location,PostDate,ExtractDate,Summary,Salary,JobUrl
Software Development Internship,Accolite Software Private Limited,"Mumbai, Maharashtra",4 days ago,2021-03-28,Number of internships/jobs available: 10. Are available for full time (in-office) internship. Can start the internship between 23rd Mar'21 and 27th Apr'21.,"₹20,000 a month",https://www.indeed.com/rc/clk?jk=6ec09c7413e5e9b0&fccid=268e121b8112c348&vjs=3
Software Development Engineering (Backend/ML/Python) Internship,Board Infinity,"Navi Mumbai, Maharashtra",10 days ago,2021-03-28,Number of internships/jobs available: 3. Are available for full time (in-office) internship. Can start the internship between 17th Mar'21 and 21st Apr'21.,"₹20,000 a month",https://www.indeed.com/rc/clk?jk=543d431237a987bd&fccid=7d9c4663611f86f7&vjs=3
Data Science part time job/internship at Mumbai,Deep Manek,"Mumbai, Maharashtra",4 days ago,2021-03-28,Number of internships/jobs available: 3. Can start the part time job/internship between 23rd Mar'21 and 27th Apr'21. We work in Artificial Intelligence field.,"₹2,000 a month",https://www.indeed.com/rc/clk?jk=f90678ca24f989a1&fccid=a2ecd06960f256d2&vjs=3
Web Development Internship,Rolling Arrays,"Thane, Maharashtra",8 days ago,2021-03-28,Number of internships/jobs available: 5. Are available for full time (in-office) internship. Can start the internship between 19th Mar'21 and 23rd Apr'21.,"₹20,000 a month",https://www.indeed.com/rc/clk?jk=551441be5d6cfe90&fccid=8beb6300ad36bc6f&vjs=3
Python Developer Intern,AltissAdvance Technologies Private Limited,"Matunga, Mumbai, Maharashtra",10 days ago,2021-03-28,"Looking for a candidate, preferably with some experience working on Python & Django projects, who has a passion for innovation, curiosity and obsession for…","₹5,000 - ₹10,000 a month",https://www.indeed.com/company/firstnucleus-internet-technologies/jobs/Python-Developer-Intern-8ae9456be642f9cf?fccid=9fc219eaa7f20a64&vjs=3
Web Development part time job/internship at Navi Mumbai,PureOne Water Industries India Private Limited,"Navi Mumbai, Maharashtra",11 days ago,2021-03-28,Number of internships/jobs available: 2. Can start the part time job/internship between 15th Mar'21 and 19th Apr'21. Have relevant skills and interests.,"₹5,000 a month",https://www.indeed.com/rc/clk?jk=198d166d66aa0da7&fccid=5940310b083c90f3&vjs=3
Web development,Rolling Arrays,"Mumbai, Maharashtra",2 days ago,2021-03-28,Are available for full time (in-office) internship. Can start the internship between 19th Mar’21 and 23rd Apr’21. Only those candidates can apply who:,"₹20,000 a month",https://www.indeed.com/rc/clk?jk=322ab16c077dcc91&fccid=8beb6300ad36bc6f&vjs=3
Mobile App Development part time job/internship at Navi Mumbai,Cogitativum Ventures Private Limited,"Navi Mumbai, Maharashtra",11 days ago,2021-03-28,Number of internships/jobs available: 1. Can start the part time job/internship between 15th Mar'21 and 19th Apr'21. Have relevant skills and interests.,,https://www.indeed.com/rc/clk?jk=06a0b794069a131b&fccid=5b0216a6942e60b7&vjs=3
Intern Chat Bot Developer,Igsrs,"Andheri, Mumbai, Maharashtra",9 days ago,2021-03-28,Make a chatbot for our application. Train the model with data provided and to make an efficient chatbot. You have worked on and are passionate about NLP/deep…,,https://www.indeed.com/company/Igsrs/jobs/Intern-Chat-Bot-Developer-c452028911277a36?fccid=1868b68c89baec99&vjs=3
Data Analyst Intern,Disprz,"Mumbai, Maharashtra",24 days ago,2021-03-28,"Analysis, clean-up, preparation, labelling of data from various sources for data modelling and populating them into data warehouses for manipulation.","₹14,000 - ₹15,000 a month",https://www.indeed.com/company/Disprz/jobs/Data-Analyst-Intern-66fa6b5a5edd6429?fccid=c8f741e71d32b091&vjs=3
Teaching (STEM And C-STEM) Internship,S.T.R.E.A.M. Edutech Private Limited,"Mumbai, Maharashtra",11 days ago,2021-03-28,Number of internships/jobs available: 10. Are available for full time (in-office) internship. Can start the internship between 15th Mar'21 and 19th Apr'21.,"₹8,000 - ₹12,000 a month",https://www.indeed.com/rc/clk?jk=0a2dbef1110e41c5&fccid=a7dd011278310716&vjs=3
Web Development Internship,Kraft Concept,"Mumbai, Maharashtra",12 days ago,2021-03-28,Number of internships/jobs available: 2. Are available for full time (in-office) internship. Can start the internship between 13th Mar'21 and 17th Apr'21.,"₹3,000 - ₹5,000 a month",https://www.indeed.com/rc/clk?jk=f71efaae434fbf4c&fccid=096127a4b2cc33b9&vjs=3
PHP Developer Internship,Ntech Global Solutions,"Mumbai, Maharashtra",25 days ago,2021-03-28,"Location : * Andheri East (Need to travel to office on daily basis). Selected intern's day-to-day responsibilities include: Job Types: Full-time, Fresher.",,https://www.indeed.com/company/Ntech-Global-Solutions/jobs/PHP-Developer-Internship-7811e7c115074df2?fccid=54824168282d19cc&vjs=3
Teaching Assistance (Data Science) Internship,Board Infinity,"Navi Mumbai, Maharashtra",8 days ago,2021-03-28,Number of internships/jobs available: 2. Are available for full time (in-office) internship. Can start the internship between 19th Mar'21 and 23rd Apr'21.,"₹10,000 a month",https://www.indeed.com/rc/clk?jk=be0f24599a5235b1&fccid=7d9c4663611f86f7&vjs=3
Freshers and Entry Level Hiring,Manheer Singh (Proprietor Of BigBoss Decor),"Navi Mumbai, Maharashtra",30+ days ago,2021-03-28,"Computer Science, Computer Engineering, Information Technology, Electronics and Communications or related fields at time of application.","₹1,50,000 - ₹2,20,000 a year",https://www.indeed.com/rc/clk?jk=ca230be034da92d8&fccid=37a1f10edbbdf2b5&vjs=3
